Date,Month,Matches,Active_Players,Total_Medals
2015-10-27,2015-10,14,69,1556
2015-10-28,2015-10,17,92,1748
2015-10-29,2015-10,13,82,1262
2015-10-30,2015-10,2,15,124
2015-10-31,2015-10,32,186,2212
2015-11-01,2015-11,34,196,2553
2015-11-02,2015-11,31,143,2686
2015-11-03,2015-11,27,133,2794
2015-11-04,2015-11,42,247,2842
2015-11-05,2015-11,55,302,5276
2015-11-06,2015-11,51,257,3841
2015-11-07,2015-11,70,382,5530
2015-11-08,2015-11,121,611,10114
2015-11-09,2015-11,149,730,12462
2015-11-10,2015-11,59,350,4967
2015-11-11,2015-11,51,306,4628
2015-11-12,2015-11,40,215,3052
2015-11-13,2015-11,80,426,7973
2015-11-14,2015-11,97,340,4903
2015-11-15,2015-11,155,628,10045
2015-11-16,2015-11,50,221,3215
2015-11-17,2015-11,41,221,2805
2015-11-18,2015-11,80,430,5932
2015-11-19,2015-11,25,267,5003
2015-11-20,2015-11,31,209,3336
2015-11-21,2015-11,58,431,6889
2015-11-22,2015-11,174,1251,24138
2015-11-23,2015-11,91,787,12885
2015-11-24,2015-11,87,724,12415
2015-11-25,2015-11,75,649,10295
2015-11-26,2015-11,92,662,11319
2015-11-27,2015-11,67,421,5411
2015-11-28,2015-11,122,841,10777
2015-11-29,2015-11,116,705,10007
2015-11-30,2015-11,109,578,8165
2015-12-01,2015-12,61,344,5479
2015-12-02,2015-12,69,522,9718
2015-12-03,2015-12,99,792,14635
2015-12-04,2015-12,107,749,12991
2015-12-05,2015-12,123,664,10323
2015-12-06,2015-12,141,787,13186
2015-12-07,2015-12,94,647,10088
2015-12-08,2015-12,64,439,6366
2015-12-09,2015-12,54,392,4038
2015-12-10,2015-12,79,492,7292
2015-12-11,2015-12,147,872,12805
2015-12-12,2015-12,102,472,5725
2015-12-13,2015-12,125,893,12544
2015-12-14,2015-12,73,443,6250
2015-12-15,2015-12,108,584,7996
2015-12-16,2015-12,81,463,5696
2015-12-17,2015-12,145,686,8740
2015-12-18,2015-12,88,370,6299
2015-12-19,2015-12,106,521,7958
2015-12-20,2015-12,180,714,9682
2015-12-21,2015-12,135,671,8562
2015-12-22,2015-12,95,455,5129
2015-12-23,2015-12,125,621,6927
2015-12-24,2015-12,80,424,5800
2015-12-25,2015-12,80,414,4627
2015-12-26,2015-12,98,468,7824
2015-12-27,2015-12,224,953,14225
2015-12-28,2015-12,181,672,9611
2015-12-29,2015-12,159,727,9447
2015-12-30,2015-12,96,387,5412
2015-12-31,2015-12,119,513,6459
2016-01-01,2016-01,47,197,2823
2016-01-02,2016-01,72,276,4542
2016-01-03,2016-01,149,732,8233
2016-01-04,2016-01,142,590,8721
2016-01-05,2016-01,68,303,3798
2016-01-06,2016-01,94,444,6932
2016-01-07,2016-01,108,471,6862
2016-01-08,2016-01,170,817,11390
2016-01-09,2016-01,172,911,15173
2016-01-10,2016-01,141,834,14741
2016-01-11,2016-01,106,602,12438
2016-01-12,2016-01,65,392,7535
2016-01-13,2016-01,64,279,5740
2016-01-14,2016-01,69,301,5134
2016-01-15,2016-01,84,438,6131
2016-01-16,2016-01,95,499,6267
2016-01-17,2016-01,98,516,5973
2016-01-18,2016-01,84,485,7951
2016-01-19,2016-01,69,410,6489
2016-01-20,2016-01,61,262,4461
2016-01-21,2016-01,37,257,3357
2016-01-22,2016-01,112,583,8293
2016-01-23,2016-01,118,569,7522
2016-01-24,2016-01,132,604,8640
2016-01-25,2016-01,52,321,6426
2016-01-26,2016-01,79,417,5834
2016-01-27,2016-01,102,523,6763
2016-01-28,2016-01,36,210,2705
2016-01-29,2016-01,36,213,2585
2016-01-30,2016-01,117,544,8100
2016-01-31,2016-01,88,417,6535
2016-02-01,2016-02,84,466,8293
2016-02-02,2016-02,63,264,3933
2016-02-03,2016-02,36,219,3277
2016-02-04,2016-02,71,307,4453
2016-02-05,2016-02,39,291,4912
2016-02-06,2016-02,74,436,5877
2016-02-07,2016-02,77,376,5211
2016-02-08,2016-02,27,132,1837
2016-02-09,2016-02,46,196,3084
2016-02-10,2016-02,47,226,4031
2016-02-11,2016-02,77,360,5798
2016-02-12,2016-02,71,296,6060
2016-02-13,2016-02,81,329,4866
2016-02-14,2016-02,72,356,5609
2016-02-15,2016-02,81,377,6551
2016-02-16,2016-02,69,376,5990
2016-02-17,2016-02,90,373,6302
2016-02-18,2016-02,60,428,7357
2016-02-19,2016-02,90,557,10502
2016-02-20,2016-02,94,579,9748
2016-02-21,2016-02,111,713,12569
2016-02-22,2016-02,69,350,4993
2016-02-23,2016-02,47,235,3121
2016-02-24,2016-02,41,298,6319
2016-02-25,2016-02,74,438,10616
2016-02-26,2016-02,24,143,3485
2016-02-27,2016-02,65,332,5244
2016-02-28,2016-02,116,643,13466
2016-02-29,2016-02,34,185,2535
2016-03-01,2016-03,82,404,6823
2016-03-02,2016-03,62,317,5588
2016-03-03,2016-03,55,252,3601
2016-03-04,2016-03,26,134,1708
2016-03-05,2016-03,63,351,4254
2016-03-06,2016-03,106,501,7230
2016-03-07,2016-03,40,229,2617
2016-03-08,2016-03,59,359,5277
2016-03-09,2016-03,61,285,3709
2016-03-10,2016-03,138,630,12812
2016-03-11,2016-03,77,315,7285
2016-03-12,2016-03,102,570,10957
2016-03-13,2016-03,125,541,13074
2016-03-14,2016-03,50,310,4802
2016-03-15,2016-03,92,362,8309
2016-03-16,2016-03,97,564,7427
2016-03-17,2016-03,136,671,11718
2016-03-18,2016-03,101,477,9147
2016-03-19,2016-03,92,515,8320
2016-03-20,2016-03,121,609,11009
2016-03-21,2016-03,82,404,7108
2016-03-22,2016-03,38,206,3757
2016-03-23,2016-03,42,257,4131
2016-03-24,2016-03,47,227,4243
2016-03-25,2016-03,60,306,5472
2016-03-26,2016-03,78,347,5334
2016-03-27,2016-03,148,658,10626
2016-03-28,2016-03,72,339,4486
2016-03-29,2016-03,52,257,4054
2016-03-30,2016-03,40,186,3568
2016-03-31,2016-03,66,294,4103
2016-04-01,2016-04,106,547,10307
2016-04-02,2016-04,124,477,10520
2016-04-03,2016-04,171,608,13902
2016-04-04,2016-04,89,361,7003
2016-04-05,2016-04,150,535,12663
2016-04-06,2016-04,171,610,15390
2016-04-07,2016-04,154,489,13350
2016-04-08,2016-04,129,510,12176
2016-04-09,2016-04,116,378,9761
2016-04-10,2016-04,207,762,17783
2016-04-11,2016-04,178,674,15643
2016-04-12,2016-04,126,469,11406
2016-04-13,2016-04,143,508,11608
2016-04-14,2016-04,99,394,7554
2016-04-15,2016-04,83,362,8231
2016-04-16,2016-04,202,808,15046
2016-04-17,2016-04,212,800,17794
2016-04-18,2016-04,113,419,8607
2016-04-19,2016-04,89,337,7897
2016-04-20,2016-04,82,242,7371
2016-04-21,2016-04,75,260,6321
2016-04-22,2016-04,54,327,5411
2016-04-23,2016-04,141,664,8672
2016-04-24,2016-04,145,633,8644
2016-04-25,2016-04,128,625,7852
2016-04-26,2016-04,119,618,8193
2016-04-27,2016-04,57,286,4489
2016-04-28,2016-04,86,361,5191
2016-04-29,2016-04,100,465,8173
2016-04-30,2016-04,126,511,7825
2016-05-01,2016-05,114,474,7756
2016-05-02,2016-05,107,378,5891
2016-05-03,2016-05,151,615,10409
2016-05-04,2016-05,108,508,9049
2016-05-05,2016-05,100,382,5962
2016-05-06,2016-05,35,170,2621
2016-05-07,2016-05,153,711,17880
2016-05-08,2016-05,135,480,8322
2016-05-09,2016-05,76,365,6922
2016-05-10,2016-05,41,159,3465
2016-05-11,2016-05,41,174,3002
2016-05-12,2016-05,38,127,2425
2016-05-13,2016-05,31,123,2395
2016-05-14,2016-05,3,15,133
2016-05-15,2016-05,35,125,3149
2016-05-16,2016-05,27,135,2863
2016-05-17,2016-05,40,189,3076
2016-05-18,2016-05,42,197,3254
2016-05-19,2016-05,33,179,3802
2016-05-20,2016-05,15,59,1498
2016-05-21,2016-05,29,114,1706
2016-05-22,2016-05,74,332,6017
2016-05-23,2016-05,35,164,2735
2016-05-24,2016-05,47,214,4078
2016-05-25,2016-05,19,88,1888
2016-05-26,2016-05,29,106,1457
2016-05-27,2016-05,52,276,5556
2016-05-28,2016-05,39,161,2064
2016-05-29,2016-05,15,81,1369
2016-05-30,2016-05,29,131,2264
2016-05-31,2016-05,15,95,1188
2016-06-01,2016-06,27,141,2920
2016-06-02,2016-06,45,180,3953
2016-06-03,2016-06,17,93,1792
2016-06-04,2016-06,41,177,1816
2016-06-05,2016-06,27,77,1172
2016-06-07,2016-06,2,8,105
2016-06-11,2016-06,6,35,279
2016-06-12,2016-06,5,27,436
2016-06-16,2016-06,1,8,76
2016-06-29,2016-06,1,8,51
2016-07-01,2016-07,1,8,115
2016-07-02,2016-07,2,12,169
2016-07-04,2016-07,17,82,1297
2016-07-06,2016-07,1,5,27
2016-07-07,2016-07,10,54,893
2016-07-08,2016-07,10,48,480
2016-07-09,2016-07,9,36,516
2016-07-14,2016-07,3,13,181
2016-07-16,2016-07,6,32,330
2016-07-17,2016-07,13,60,689
2016-07-23,2016-07,8,36,376
2016-07-24,2016-07,13,84,664
2016-08-07,2016-08,4,26,510
2016-08-08,2016-08,5,26,638
2016-08-09,2016-08,1,8,126
2016-08-12,2016-08,16,75,1251
2016-08-13,2016-08,2,14,250
2016-08-14,2016-08,16,69,1894
2016-08-16,2016-08,4,19,461
2016-08-17,2016-08,5,24,766
2016-08-24,2016-08,4,24,309
2016-08-28,2016-08,6,35,469
2016-08-30,2016-08,4,22,312
2016-08-31,2016-08,4,22,333
2016-09-01,2016-09,5,23,392
2016-09-02,2016-09,12,55,1129
2016-09-03,2016-09,1,8,81
2016-09-05,2016-09,31,151,4035
2016-09-06,2016-09,5,27,654
2016-09-09,2016-09,2,13,174
2016-09-10,2016-09,3,18,252
2016-09-16,2016-09,6,31,558
2016-09-17,2016-09,4,27,562
2016-09-19,2016-09,2,13,433
2016-09-21,2016-09,5,25,412
2016-09-22,2016-09,8,38,914
2016-09-24,2016-09,5,26,641
2016-09-25,2016-09,5,29,840
2016-09-26,2016-09,10,39,954
2016-09-27,2016-09,9,40,1328
2016-09-28,2016-09,7,26,776
